1,100 GRAND Bar
2,3 MUSKETEERS Bar
3,3 Musketeers Truffle Crisp Bar
4,Abalone
5,Adobo
6,Agave liquid sweetener
7,Air filled fritter or fried puff
8,Alcoholic malt beverage
9,Alexander
10,Alfalfa sprouts
11,Alfredo sauce
12,Alfredo sauce with added vegetables
13,Alfredo sauce with meat
14,Alfredo sauce with meat and added vegetables
15,Alfredo sauce with poultry
16,Alfredo sauce with poultry and added vegetables
17,Alfredo sauce with seafood
18,Alfredo sauce with seafood and added vegetables
19,Almond butter
20,Almond chicken
21,Almond milk
22,Almond oil
23,Almond paste
24,Almonds
25,Aloe vera juice drink
26,Ambrosia
27,Anchovy
28,Animal fat or drippings
29,Anisette toast
30,Antipasto with ham
31,Apple
32,Apple cider
33,Apple juice
34,Apple juice beverage
35,Apple pie filling
36,Apple salad with dressing
37,Apple yogurt dessert
38,Apple-banana juice
39,Apple-cherry juice
40,Apple-fruit juice blend
41,Apple-grape juice
42,Apple-peach juice
43,Apple-prune juice
44,Apple-raspberry
45,Apple-sweet potato juice
46,Apples
47,Apples and chicken
48,Apples and pears
49,Apples and sweet potatoes
50,Apples with ham
51,Applesauce
52,Applesauce and apricots
53,Applesauce with bananas
54,Applesauce with cherries
55,Apricot
56,Apricot nectar
57,Apricots
58,Arepa Dominicana
59,Armadillo
60,Artichoke
61,Artichoke dip
62,Artichokes
63,Asian chicken or turkey garden salad
64,Asian chicken or turkey garden salad with crispy noodles
65,Asian stir fry vegetables
66,Asparagus
67,Asparagus soup
68,Avocado
69,Avocado dressing
70,Baby Ruth
71,Bacardi cocktail
72,Bacon
73,Bacon and cheese sandwich
74,Bacon and egg sandwich
75,Bacon and tomato dressing
76,Bacon bits
77,Bacon on biscuit
78,Bacon or side pork
79,Bacon sandwich
80,Bacon soup
81,Bacon strip
82,Bagel
83,Bagel chips
84,Baked beans
85,Baked beans from fast food / restaurant
86,Baklava
87,Bamboo shoots
88,Banana
89,Banana apple dessert
90,Banana chips
91,Banana juice with lowfat yogurt
92,Banana nectar
93,Banana pudding
94,Banana split
95,Banana with mixed berries
96,Banana yogurt dessert
97,Bananas
98,Bananas and pineapple
99,Bananas and strawberry
100,Bananas with apples and pears
101,Bananas with orange
102,Barbecue sauce
103,Barfi or Burfi
104,Barley
105,Barley cereal
106,Barley soup
107,Barracuda
108,Basbousa
109,Basil
110,Bean and ham soup
111,Bean cake
112,Bean chips
113,Bean dip
114,Bean paste
115,Bean salad
116,Bean soup
117,Bean sprouts
118,Bean with bacon or ham soup
119,Beans
120,Beans and brown rice
121,Beans and franks
122,Beans and rice
123,Beans and tomatoes
124,Beans and white rice
125,Beans with meat
126,Bear
127,Beaver
128,Beef
129,Beef and broccoli
130,Beef and egg noodles
131,Beef and macaroni with cheese sauce
132,Beef and noodles
133,Beef and noodles with cream or white sauce
134,Beef and noodles with gravy
135,Beef and noodles with meat sauce and cheese
136,Beef and noodles with mushroom sauce
137,Beef and noodles with soy-based sauce
138,Beef and noodles with tomato-based sauce
139,Beef and potatoes
140,Beef and potatoes with cheese sauce
141,Beef and potatoes with cream sauce
142,Beef and rice
143,Beef and rice soup
144,Beef and rice with cheese sauce
145,Beef and rice with cream sauce
146,Beef and rice with gravy
147,Beef and rice with mushroom sauce
148,Beef and rice with soy-based sauce
149,Beef and rice with tomato-based sauce
150,Beef and vegetables
151,Beef and vegetables excluding carrots
152,Beef and vegetables including carrots
153,Beef barbecue submarine sandwich
154,Beef brisket
155,Beef broth
156,Beef burgundy
157,Beef chow mein or chop suey
158,Beef chow mein or chop suey with noodles
159,Beef curry
160,Beef curry with rice
161,Beef dinner
162,Beef dumpling soup
163,Beef egg foo yung
164,Beef enchilada
165,Beef enchilada dinner
166,Beef goulash
167,Beef goulash with noodles
168,Beef goulash with potatoes
169,Beef jerky
170,Beef liver
171,Beef noodle soup
172,Beef pot pie
173,Beef rice soup
174,Beef rolls
175,Beef salad
176,Beef sandwich
177,Beef sausage
178,Beef sausage with cheese
179,Beef shish kabob with vegetables
180,Beef short ribs
181,Beef sloppy joe
182,Beef steak
183,Beef steak with onions
184,Beef stew
185,Beef stew with potatoes
186,Beef stew with potatoes and vegetables excluding carrots
187,Beef stew with potatoes and vegetables including carrots
188,Beef stew with vegetables excluding potatoes
189,Beef stroganoff
190,Beef stroganoff soup
191,Beef stroganoff with noodles
192,Beef taco filling: beef
193,Beef vegetable soup
194,Beef vegetable soup with potato
195,Beef wellington
196,Beef with barbecue sauce
197,Beef with cream or white sauce
198,Beef with gravy
199,Beef with mushroom sauce
200,Beef with soy-based sauce
201,Beef with spaetzle or rice
202,Beef with sweet and sour sauce
203,Beef with tomato-based sauce
204,Beef with vegetable
205,Beef with vegetables
206,Beef with vegetables excluding carrots
207,Beef with vegetables including carrots
208,Beer
209,Beer cheese soup
210,Beet greens
211,Beet juice
212,Beets
213,Beignet
214,Berries
215,Bibimbap
216,Big Mac (McDonalds)
217,Bird's nest soup
218,Biryani with chicken
219,Biryani with meat
220,Biryani with vegetables
221,Biscayne codfish
222,Biscuit
223,Biscuit with fruit
224,Biscuit with gravy
225,Bison
226,Bitter melon
227,Black bean salad
228,Black bean sauce
229,Black bean soup
230,Black beans
231,Black beans and brown rice
232,Black beans and rice
233,Black beans and white rice
234,Black beans with meat
235,Black Russian
236,Blackberries
237,Blackberry juice
238,Blackeyed peas
239,Blintz
240,Blood sausage
241,Bloody Mary
242,Bluberries
243,Blue or roquefort cheese dressing
244,Blueberries
245,Blueberry juice
246,Blueberry pie filling
247,Blueberry syrup
248,Blueberry yogurt dessert
249,Bologna
250,Bologna and cheese sandwich
251,Bologna sandwich
252,Borscht
253,Bouillabaisse
254,Brains
255,Brandy
256,Brandy and cola
257,Bratwurst
258,Brazil nuts
259,Bread
260,Bread stuffing
261,Bread stuffing made with egg
262,Breaded brains
263,Breadfruit
264,Breading or batter as ingredient in food
265,Breadsticks
266,Breakfast bar
267,Breakfast link
268,Breakfast meat as ingredient in omelet
269,Breakfast pastry
270,Breakfast pizza with egg
271,Breakfast tart
272,Brioche
273,Broccoflower
274,Broccoli
275,Broccoli and cauliflower
276,Broccoli and chicken
277,Broccoli casserole with noodles
278,Broccoli casserole with rice
279,Broccoli cheese soup
280,Broccoli raab
281,Broccoli salad with cauliflower
282,Broccoli slaw salad
283,Broccoli soup
284,Brown rice cereal
285,Brunswick stew
286,Bruschetta
287,Brussels sprouts
288,Buckwheat groats
289,Buffalo chicken submarine sandwich
290,Buffalo chicken submarine sandwich with cheese
291,Buffalo sauce
292,Bulgur
293,Burdock
294,Burrito
295,Burrito with beans
296,Burrito with beans and rice
297,Burrito with chicken
298,Burrito with chicken and beans
299,Burrito with chicken and sour cream
300,Burrito with meat
301,Burrito with meat and beans
302,Burrito with meat and sour cream
303,Butter
304,Butter replacement
305,Butter-oil blend
306,Butterfinger
307,Butterfinger Crisp
308,Buttermilk
309,Butterscotch hard candy
310,Butterscotch morsels
311,Cabbage
312,Cabbage salad or coleslaw
313,Cabbage salad or coleslaw with apples and/or raisins
314,Cabbage salad or coleslaw with pineapple
315,Cabbage soup
316,Cabbage with ham hocks
317,Cabbage with meat soup
318,Cactus
319,Caesar dressing
320,Caesar salad
321,Cake
322,Cake batter
323,Cake made with glutinous rice
324,Cake made with glutinous rice and dried beans
325,Cake or cupcake
326,Cake or pancake made with rice flour and/or dried beans
327,Calabaza
328,Calzone
329,Canadian bacon
330,Canadian Club and soda
331,Candy
332,Cannelloni
333,Canola oil
334,Cantaloupe
335,Cantaloupe nectar
336,Cape Cod
337,Caramel
338,Caramel candy
339,Caramel dip
340,Caramel with nuts
341,Caramel with nuts and cereal
342,Carbonated water
343,Caribou
344,Carob chips
345,Carp
346,Carrot juice
347,Carrot soup
348,Carrot with rice soup
349,Carrots
350,Carrots and beef
351,Carrots and peas
352,Casabe
353,Cashew butter
354,Cashews
355,Cassaba melon
356,Cassava
357,Cassava fritter stuffed with crab meat
358,Cassava Pasteles
359,Catfish
360,Cauliflower
361,Celeriac
362,Celery
363,Celery juice
364,Celery soup
365,Cereal
366,Cereal (Barbara's Puffins)
367,Cereal (General Mills 25% Less Sugar Cinnamon Toast Crunch)
368,Cereal (General Mills Cheerios Apple Cinnamon)
369,Cereal (General Mills Cheerios Banana Nut)
370,Cereal (General Mills Cheerios Berry Burst)
371,Cereal (General Mills Cheerios Chocolate)
372,Cereal (General Mills Cheerios Frosted)
373,Cereal (General Mills Cheerios Fruity)
374,Cereal (General Mills Cheerios Honey Nut)
375,Cereal (General Mills Cheerios Multigrain)
376,Cereal (General Mills Cheerios Oat Cluster Crunch)
377,Cereal (General Mills Cheerios Protein)
378,Cereal (General Mills Cheerios)
379,Cereal (General Mills Chex Chocolate)
380,Cereal (General Mills Chex Cinnamon)
381,Cereal (General Mills Chex Corn)
382,Cereal (General Mills Chex Honey Nut)
383,Cereal (General Mills Chex Rice)
384,Cereal (General Mills Chex Wheat)
385,Cereal (General Mills Cinnamon Toast Crunch)
386,Cereal (General Mills Cocoa Puffs)
387,Cereal (General Mills Cookie Crisp)
388,Cereal (General Mills Count Chocula)
389,Cereal (General Mills Fiber One Honey Clusters)
390,Cereal (General Mills Fiber One Raisin Bran Clusters)
391,Cereal (General Mills Fiber One)
392,Cereal (General Mills Frankenberry)
393,Cereal (General Mills Golden Grahams)
394,Cereal (General Mills Honey Kix)
395,Cereal (General Mills Honey Nut Clusters)
396,Cereal (General Mills Kix)
397,Cereal (General Mills Lucky Charms Chocolate)
398,Cereal (General Mills Lucky Charms)
399,Cereal (General Mills Oatmeal Crisp with Almonds)
400,Cereal (General Mills Raisin Nut Bran)
401,Cereal (General Mills Reese's Puffs)
402,Cereal (General Mills Trix)
403,Cereal (General Mills Wheaties)
404,Cereal (Kashi 7 Whole Grain Puffs)
405,Cereal (Kashi Autumn Wheat)
406,Cereal (Kashi GOLEAN Crunch Honey Almond Flax)
407,Cereal (Kashi GOLEAN Crunch)
408,Cereal (Kashi GOLEAN)
409,Cereal (Kashi Heart to Heart Honey Toasted Oat)
410,Cereal (Kellogg's All-Bran Complete Wheat Flakes)
411,Cereal (Kellogg's All-Bran)
412,Cereal (Kellogg's Apple Jacks)
413,Cereal (Kellogg's Cocoa Krispies)
414,Cereal (Kellogg's Corn Flakes)
415,Cereal (Kellogg's Corn Pops)
416,Cereal (Kellogg's Cracklin' Oat Bran)
417,Cereal (Kellogg's Crispix)
418,Cereal (Kellogg's Froot Loops Marshmallow)
419,Cereal (Kellogg's Froot Loops)
420,Cereal (Kellogg's Frosted Flakes)
421,Cereal (Kellogg's Frosted Mini-Wheats)
422,Cereal (Kellogg's Honey Smacks)
423,Cereal (Kellogg's Krave)
424,Cereal (Kellogg's Low Fat Granola)
425,Cereal (Kellogg's Raisin Bran Crunch)
426,Cereal (Kellogg's Raisin Bran)
427,Cereal (Kellogg's Rice Krispies Treats Cereal)
428,Cereal (Kellogg's Rice Krispies)
429,Cereal (Kellogg's Smart Start Strong)
430,Cereal (Kellogg's Smorz)
431,Cereal (Kellogg's Special K Blueberry)
432,Cereal (Kellogg's Special K Chocolatey Delight)
433,Cereal (Kellogg's Special K Cinnamon Pecan)
434,Cereal (Kellogg's Special K Fruit & Yogurt)
435,Cereal (Kellogg's Special K Red Berries)
436,Cereal (Kellogg's Special K Vanilla Almond)
437,Cereal (Kellogg's Special K)
438,Cereal (Malt-O-Meal Blueberry Muffin Tops)
439,Cereal (Malt-O-Meal Cinnamon Toasters)
440,Cereal (Malt-O-Meal Coco-Roos)
441,Cereal (Malt-O-Meal Cocoa Dyno-Bites)
442,Cereal (Malt-O-Meal Colossal Crunch)
443,Cereal (Malt-O-Meal Corn Bursts)
444,Cereal (Malt-O-Meal Frosted Flakes)
445,Cereal (Malt-O-Meal Fruity Dyno-Bites)
446,Cereal (Malt-O-Meal Golden Puffs)
447,Cereal (Malt-O-Meal Honey Graham Squares)
448,Cereal (Malt-O-Meal Honey Nut Toasty O's)
449,Cereal (Malt-O-Meal Marshmallow Mateys)
450,Cereal (Malt-O-Meal Toasted Oat Cereal)
451,Cereal (Malt-O-Meal Tootie Fruities)
452,Cereal (Nature Valley Granola)
453,Cereal (Nature's Path Organic Flax Plus)
454,Cereal (Post Alpha-Bits)
455,Cereal (Post Bran Flakes)
456,Cereal (Post Cocoa Pebbles)
457,Cereal (Post Fruity Pebbles)
458,Cereal (Post Golden Crisp)
459,Cereal (Post Grape-Nuts)
460,Cereal (Post Great Grains
461,Cereal (Post Great Grains Banana Nut Crunch)
462,Cereal (Post Great Grains Raisins
463,Cereal (Post Honey Bunches of Oats Honey Roasted)
464,Cereal (Post Honey Bunches of Oats with Almonds)
465,Cereal (Post Honey Bunches of Oats with Vanilla Bunches)
466,Cereal (Post Honeycomb)
467,Cereal (Post Raisin Bran)
468,Cereal (Post Shredded Wheat Honey Nut)
469,Cereal (Post Shredded Wheat)
470,Cereal (Quaker Cap'n Crunch's Crunchberries)
471,Cereal (Quaker Cap'n Crunch's Peanut Butter Crunch)
472,Cereal (Quaker Cap'n Crunch)
473,Cereal (Quaker Christmas Crunch)
474,Cereal (Quaker Granola with Oats
475,Cereal (Quaker Honey Graham Oh's)
476,Cereal (Quaker Life)
477,Cereal (Quaker Oatmeal Squares)
478,Cereal (Quaker Toasted Oat Bran)
479,Cereal (Uncle Sam)
480,Cereal bar with fruit filling
481,Cereal beverage
482,Cereal beverage with beet roots
483,Cereal or granola bar
484,Cereal or granola bar (General Mills Fiber One Chewy Bar)
485,Cereal or granola bar (General Mills Nature Valley Chewy Trail Mix)
486,Cereal or granola bar (General Mills Nature Valley Crunchy Granola Bar)
487,Cereal or granola bar (General Mills Nature Valley Sweet and Salty Granola Bar)
488,Cereal or granola bar (Kashi Chewy)
489,Cereal or granola bar (Kashi Crunchy)
490,Cereal or granola bar (Kellogg's Nutri-Grain Cereal Bar)
491,Cereal or granola bar (Kellogg's Nutri-Grain Fruit and Nut Bar)
492,Cereal or granola bar (Kellogg's Nutri-Grain Yogurt Bar)
493,Cereal or granola bar (Kellogg's Special K bar)
494,Cereal or granola bar (KIND Fruit and Nut Bar)
495,Cereal or granola bar (Quaker Chewy 25% Less Sugar Granola Bar)
496,Cereal or granola bar (Quaker Chewy 90 Calorie Granola Bar)
497,Cereal or granola bar (Quaker Chewy Dipps Granola Bar)
498,Cereal or granola bar (Quaker Chewy Granola Bar)
499,Cereal or granola bar (Quaker Granola Bites)
500,Cereal or granola bar with nuts
501,Ceviche
502,Champagne punch
503,Channa Saag
504,Chard
505,Cheddar cheese soup
506,Cheese
507,Cheese as ingredient in sandwiches
508,Cheese ball
509,Cheese dip
510,Cheese dip with chili pepper
511,Cheese enchilada
512,Cheese flavored corn snacks
513,Cheese flavored corn snacks (Cheetos)
514,Cheese fondue
515,Cheese pastry puffs
516,Cheese quiche
517,Cheese sandwich
518,Cheese sauce
519,Cheese souffle
520,Cheese spread
521,Cheese turnover
522,Cheeseburger
523,Cheeseburger (Burger King)
524,Cheeseburger (McDonalds)
525,Cheeseburger slider
526,Cheeseburger submarine sandwich with lettuce
527,Cheesecake
528,Cheesecake with fruit
529,Cherries
530,Cherry cobbler
531,Cherry pie filling
532,Cherry vanilla pudding
533,Chestnuts
534,Chewing gum
535,Chia seeds
536,Chicken
537,"Chicken ""wings"""
538,"Chicken ""wings"" with hot sauce"
539,"Chicken ""wings"" with other sauces or seasoning"
540,Chicken and noodles with vegetable
541,Chicken and rice dinner
542,Chicken and vegetable entree with noodles
543,Chicken and vegetable entree with noodles and cream sauce
544,Chicken and vegetable entree with rice
545,Chicken and vegetables au gratin with rice
546,Chicken barbecue sandwich
547,Chicken breast
548,Chicken chow mein with rice
549,Chicken cornbread
550,Chicken curry
551,Chicken curry with rice
552,Chicken dinner
553,Chicken drumstick
554,Chicken egg foo yung
555,Chicken feet
556,Chicken fillet
557,Chicken fillet biscuit
558,Chicken fillet sandwich
559,Chicken fillet wrap sandwich
560,Chicken fricassee
561,Chicken in butter sauce with potatoes and vegetable
562,Chicken in cream sauce with noodles and vegetable
563,Chicken in mushroom sauce
564,Chicken in soy-based sauce
565,Chicken kiev
566,Chicken leg
567,Chicken liver
568,Chicken noodle dinner
569,Chicken nuggets
570,Chicken or turkey
571,Chicken or turkey a la king with vegetables excluding carrorts
572,Chicken or turkey a la king with vegetables including carrots
573,Chicken or turkey and corn hominy soup
574,Chicken or turkey and noodles
575,Chicken or turkey and noodles with cheese sauce
576,Chicken or turkey and noodles with cream or white sauce
577,Chicken or turkey and noodles with gravy
578,Chicken or turkey and noodles with mushroom sauce
579,Chicken or turkey and noodles with soy-based sauce
580,Chicken or turkey and noodles with tomato-based sauce
581,Chicken or turkey and potatoes with gravy
582,Chicken or turkey and rice
583,Chicken or turkey and rice with cream sauce
584,Chicken or turkey and rice with mushroom sauce
585,Chicken or turkey and rice with soy-based sauce
586,Chicken or turkey and rice with tomato-based sauce
587,Chicken or turkey and vegetables excluding carrots
588,Chicken or turkey and vegetables including carrots
589,Chicken or turkey broth
590,Chicken or turkey cacciatore
591,Chicken or turkey caesar garden salad
592,Chicken or turkey cake
593,Chicken or turkey chow mein or chop suey
594,Chicken or turkey chow mein or chop suey with noodles
595,Chicken or turkey cordon bleu
596,Chicken or turkey corn soup with noodles
597,Chicken or turkey creole
598,Chicken or turkey divan
599,Chicken or turkey fricassee
600,Chicken or turkey garden salad
601,Chicken or turkey garden salad with bacon and cheese
602,Chicken or turkey garden salad with cheese
603,Chicken or turkey gumbo soup
604,Chicken or turkey hash
605,Chicken or turkey mushroom soup
606,Chicken or turkey noodle soup
607,Chicken or turkey parmigiana
608,Chicken or turkey pot pie
609,Chicken or turkey rice soup
610,Chicken or turkey salad
611,Chicken or turkey salad with egg
612,Chicken or turkey salad with nuts and/or fruits
613,Chicken or turkey shish kabob with vegetables
614,Chicken or turkey souffle
615,Chicken or turkey soup
616,Chicken or turkey soup with dumplings
617,Chicken or turkey soup with dumplings and potatoes
618,Chicken or turkey soup with vegetables
619,Chicken or turkey soup with vegetables and fruit
620,Chicken or turkey stew with potatoes and vegetables excluding carrots
621,Chicken or turkey stew with potatoes and vegetables including carrots
622,Chicken or turkey tetrazzini
623,Chicken or turkey vegetable soup
624,Chicken or turkey vegetable soup with noodles
625,Chicken or turkey vegetable soup with potato and cheese
626,Chicken or turkey vegetable soup with rice
627,Chicken or turkey with cheese sauce
628,Chicken or turkey with cream sauce
629,Chicken or turkey with dumplings
630,Chicken or turkey with mushroom sauce
631,Chicken or turkey with stuffing
632,Chicken or turkey with teriyaki
633,Chicken patty
634,Chicken patty or nuggets
635,Chicken rice soup
636,Chicken salad or chicken spread sandwich
637,Chicken salad spread
638,Chicken skin
639,Chicken soup
640,Chicken soup with noodles and potatoes
641,Chicken stew
642,Chicken stick
643,Chicken submarine sandwich
644,Chicken tenders or strips
645,Chicken thigh
646,Chicken wing
647,Chicken with gravy
648,Chicken with mole sauce
649,Chicken with noodles and cheese sauce
650,Chicken with rice and vegetable
651,Chickpeas
652,Chicory beverage
653,Chilaquiles
654,Chiles rellenos
655,Chili con carne
656,Chili con carne with beans
657,Chili con carne with beans and cheese
658,Chili con carne with beans and macaroni
659,Chili con carne with beans and rice
660,Chili con carne with chicken or turkey and beans
661,Chili con carne with venison/deer and beans
662,Chili con carne without beans
663,Chili with beans
664,Chiliburger
665,Chimichanga
666,Chimichanga with chicken
667,Chimichanga with chicken and sour cream
668,Chimichanga with meat
669,Chimichanga with meat and sour cream
670,Chinese pancake
671,Chipotle dip
672,Chips
673,Chitterlings
674,Chives
675,Chocolate
676,Chocolate beverage powder
677,Chocolate candy with fondant and caramel
678,Chocolate dip
679,Chocolate milk
680,Chocolate milk drink
681,Chocolate syrup
682,Chocolate-flavored sprinkles
683,Chorizo
684,Chow fun noodles with meat and vegetables
685,Chow fun noodles with vegetables
686,Chow mein or chop suey
687,Christophine
688,Churros
689,Chutney
690,Cilantro
691,Clam cake or patty
692,Clam chowder
693,Clams
694,Clams Casino
695,Classic mixed vegetables
696,Clementine
697,Cobb salad
698,Cobbler
699,Cocktail
700,Cocktail sauce
701,Cocoa powder
702,Coconut
703,Coconut candy
704,Coconut cream
705,Coconut cream cake
706,Coconut milk
707,Coconut oil
708,Coconut water
709,Cod
710,Codfish
711,Codfish ball or cake
712,Codfish fritter
713,Codfish salad
714,Codfish soup with noodles
715,Codfish with starchy vegetables
716,Coffee
717,Coffee and chicory
718,Coffee cake
719,Coffee creamer
720,Coffee substitute
721,Cold cut sumarine sandwich
722,Coleslaw dressing
723,Collards
724,Congee
725,Cookie
726,Cookie bar
727,Cookies
728,Cordial or liqueur
729,Corn
730,Corn and sweet potatoes
731,Corn beverage
732,Corn chips
733,Corn dog
734,Corn flour patty or tart
735,Corn fritter
736,Corn nuts
737,Corn oil
738,Corn pone
739,Corn soup
740,Corn syrup
741,Cornbread
742,Cornbread muffin
743,Cornbread stuffing
744,Corned beef
745,Corned beef hash
746,Corned beef patty
747,Corned beef sandwich
748,Corned beef with tomato sauce and onion
749,Cornish game hen
750,Cornmeal
751,Cornmeal beverage
752,Cornmeal beverage with chocolate milk
753,Cornmeal coconut dessert
754,Cornmeal dressing with chicken or turkey and vegetables
755,Cornmeal dumpling
756,Cornmeal fritter
757,Cornmeal mush
758,Cornmeal stick
759,Cottage cheese
760,Cottonseed oil
761,Couscous
762,Crab
763,Crab cake
764,Crab cake sandwich
765,Crab imperial
766,Crab salad
767,Crab salad made with imitation crab
768,Crab soup
769,Crabs in tomato-based sauce
770,Cracker chips
771,Crackers
772,Cranberries
773,Cranberry juice
774,Cranberry juice blend
775,Cranberry juice drink
776,Cranberry sauce
777,Crayfish
778,Cream
779,Cream cheese
780,Cream cheese spread
781,Cream of rye
782,Cream of wheat
783,Cream puff
784,Cream sauce
785,Creamed chipped or dried beef
786,Creamed christophine
787,Creamsicle
788,Creamy dressing
789,Creme brulee
790,Crepe
791,Cress
792,Crisp
793,Croaker
794,Croissant
795,Croissant sandwich
796,Croissant sandwich with bacon
797,Croissant sandwich with bacon and egg
798,Croissant sandwich with ham
799,Croissant sandwich with sausage
800,Croissant sandwich with sausage and egg
801,Croutons
802,Crumpet
803,Crunchy snacks
804,Cuban sandwich
805,Cucumber
806,Cucumber and vegetable namasu
807,Cucumber salad
808,Cucumber salad made with cucumber and vinegar
809,Currants
810,Curry sauce
811,Custard
812,Custard pudding
813,Daikon radish
814,Daiquiri
815,Dandelion greens
816,Danish pastry
817,Dark green vegetables as ingredient in omelet
818,Dark-green leafy vegetable soup
819,Dark-green leafy vegetable soup with meat
820,Dasheen
821,Date
822,Date candy
823,Deer chop
824,Deer sausage
825,Dessert dip
826,Dessert pizza
827,Dessert sauce
828,Dietetic or low calorie candy
829,Dietetic or low calorie gumdrops
830,Dietetic or low calorie hard candy
831,Dietetic or low calorie mints
832,Dill dip
833,Dip
834,Dirty rice
835,Dosa (Indian)
836,Double cheeseburger
837,Double cheeseburger (Burger King)
838,Double cheeseburger (McDonalds)
839,Double hamburger
840,Doughnut
841,Doughnut holes
842,Dove
843,Dressing with chicken or turkey and vegetables
844,Dressing with meat and vegetables
845,Dressing with oysters
846,Duck
847,Duck egg
848,Duck sauce
849,Dukboki or Tteokbokki
850,Dumpling
851,Dutch apple dessert
852,Easter egg
853,Edamame
854,Eel
855,Egg
856,Egg and bacon on biscuit
857,Egg and cheese on biscuit
858,Egg and ham on biscuit
859,Egg and sausage on biscuit
860,Egg and steak on biscuit
861,Egg casserole with bread
862,Egg drop soup
863,Egg foo yung
864,Egg omelet or scrambled egg
865,Egg roll
866,Egg salad
867,Egg salad sandwich
868,Egg substitute
869,Egg white
870,Egg white omelet
871,Eggnog
872,Eggplant
873,Eggplant and meat casserole
874,Eggplant dip
875,Eggplant parmesan casserole
876,Eggplant with cheese and tomato sauce
877,Eggs a la Malaguena
878,Empanada
879,Enchilada
880,Enchilada sauce
881,Enchilada with beans
882,Enchilada with chicken
883,Enchilada with chicken and beans
884,Enchilada with meat
885,Enchilada with meat and beans
886,Energy Drink
887,Energy drink (Full Throttle)
888,Energy drink (Monster)
889,Energy drink (Mountain Dew AMP)
890,Energy drink (No Fear Motherload)
891,Energy drink (No Fear)
892,Energy drink (NOS)
893,Energy drink (Ocean Spray Cran-Energy Juice Drink)
894,Energy drink (Red Bull)
895,Energy drink (Rockstar)
896,Energy drink (SoBe Energize Energy Juice Drink)
897,Energy drink (Vault)
898,Energy drink (XS Gold Plus)
899,Energy drink (XS)
900,Escarole
901,Espresso coffee beans
902,Fajita with chicken and vegetables
903,Fajita with meat and vegetables
904,Fajita with vegetables
905,Fajita-style beef sandwich with cheese
906,Falafel
907,Fat back
908,Fava beans
909,Fennel bulb
910,Fig
911,Finger Foods
912,Firni
913,Fish
914,Fish and noodles with mushroom sauce
915,Fish and rice with cream sauce
916,Fish and rice with mushroom sauce
917,Fish and rice with tomato-based sauce
918,Fish and vegetable soup
919,Fish and vegetables excluding  carrots
920,Fish and vegetables excluding carrots
921,Fish and vegetables including carrots
922,Fish cake or patty
923,Fish chowder
924,Fish curry
925,Fish curry with rice
926,Fish fillet
927,Fish in lemon-butter sauce with starch item
928,Fish moochim
929,Fish sandwich
930,Fish sauce
931,Fish shish kabob with vegetables
932,Fish soup with potatoes
933,Fish stick
934,Fish stock
935,Fish timbale or mousse
936,Fish with cream or white sauce
937,Fish with tomato-based sauce
938,Fish wrap sandwich
939,Flan
940,Flavored pasta
941,Flavored rice
942,Flavored rice and pasta mixture
943,Flavored rice mixture
944,Flavored rice mixture with cheese
945,Flax seeds
946,Flaxseed oil
947,Flounder
948,Flounder with chopped broccoli
949,Flounder with crab stuffing
950,Flowers or blossoms of sesbania
951,Fluid replacement
952,Focaccia
953,Fondant
954,Frankfurter or hot dog
955,Frankfurter or hot dog sandwich
956,Frankfurters or hot dogs and sauerkraut
957,Frankfurters or hot dogs with tomato-based sauce
958,Freezer pop
959,French or Catalina dressing
960,French toast
961,French toast sticks
962,Fried bread
963,Fried broccoli
964,Fried cauliflower
965,Fried chicken chunks
966,Fried eggplant
967,Fried fish with sauce
968,Fried green beans
969,Fried green tomatoes
970,Fried mushrooms
971,Fried okra
972,Fried onion rings
973,Fried pork chunks
974,Fried rice
975,Fried seafood sandwich
976,Fried stuffed potatoes
977,Fried summer squash
978,Fritter
979,Frog legs
980,Frozen coffee drink
981,Frozen daiquiri
982,Frozen daiquiri mix
983,Frozen dessert
984,Frozen dinner
985,Frozen fruit juice bar
986,Frozen margarita
987,Frozen mocha coffee drink
988,Frozen yogurt
989,Frozen yogurt bar
990,Frozen yogurt cone
991,Frozen yogurt sandwich
992,Fruit
993,Fruit and vegetable smoothie
994,Fruit bar
995,Fruit butter
996,Fruit cocktail
997,Fruit dessert
998,Fruit flavored drink
999,Fruit flavored snack
1000,Fruit juice
1001,Fruit juice and water drink
1002,Fruit juice beverage
1003,Fruit juice blend
1004,Fruit juice drink
1005,Fruit juice drink (Capri Sun)
1006,Fruit juice drink (Sunny D)
1007,Fruit leather and fruit snacks candy
1008,Fruit mixture
1009,Fruit nectar
1010,Fruit peel
1011,Fruit punch
1012,Fruit salad
1013,Fruit smoothie
1014,Fruit smoothie juice drink
1015,Fruit snacks candy
1016,Fruit Supreme dessert
1017,Fry sauce
1018,Fudge
1019,Fudgesicle
1020,Fufu
1021,Fun Fruits Creme Supremes
1022,Funnel cake with sugar
1023,Funnel cake with sugar and fruit
1024,Fuzzy Navel
1025,Garbanzo bean or chickpea soup
1026,Garlic
1027,Garlic bread
1028,Garlic egg soup
1029,Garlic sauce
1030,Gazpacho
1031,Gefilte fish
1032,Gelatin dessert
1033,Gelatin dessert with fruit
1034,Gelatin salad with vegetables
1035,Gelatin shot
1036,Gelato
1037,General Tso chicken
1038,Gerber Finger Foods
1039,Gerber Graduates Finger Snacks Cereal
1040,Ghee
1041,Gimlet
1042,Gin
1043,Gin and Tonic
1044,Gin fizz
1045,Gin Rickey
1046,Ginger root
1047,Gizzard
1048,Glug
1049,Gnocchi
1050,Goat
1051,Goat head
1052,Goat ribs
1053,Goat's milk
1054,Golden Cadillac
1055,Goose
1056,Goose egg
1057,Gordita
1058,Gordita/sope shell
1059,Goulash
1060,Graham crackers
1061,Graham crackers (Teddy Grahams)
1062,Granola
1063,Grape juice
1064,Grape juice drink
1065,Grape leaves stuffed with rice
1066,Grapefruit
1067,Grapefruit juice
1068,Grapes
1069,Grasshopper
1070,Gravy
1071,Greek Salad
1072,Green banana
1073,Green bean casserole
1074,Green beans
1075,Green beans and potatoes
1076,Green peas
1077,Green pepper
1078,Green plantain with cracklings
1079,Greens
1080,Greens with ham or pork
1081,Greyhound
1082,Grilled cheese sandwich
1083,Grits
1084,Ground beef
1085,Ground beef patty
1086,Ground beef with tomato sauce and taco seasonings on a cornbread crust
1087,Ground hog
1088,Ground meat
1089,Guacamole
1090,Guacamole with tomatoes
1091,Guava
1092,Guava nectar
1093,Guava paste
1094,Gumbo
1095,Gumbo with rice
1096,Gumdrops
1097,Gyro sandwich (pita bread
1098,Haddock
1099,Haddock cake or patty
1100,Halibut
1101,Halvah
1102,Ham
1103,Ham and cheese on English muffin
1104,Ham and cheese sandwich
1105,Ham and cheese submarine sandwich
1106,Ham and noodles
1107,Ham and noodles with cream or white sauce
1108,Ham and pork
1109,Ham and rice with mushroom sauce
1110,Ham and vegetables excluding carrots
1111,Ham and vegetables including carrots broccoli
1112,Ham croquette
1113,Ham luncheon meat
1114,Ham on biscuit
1115,Ham or pork
1116,Ham or pork and potatoes with cheese sauce
1117,Ham or pork and potatoes with gravy
1118,Ham or pork and rice
1119,Ham or pork salad
1120,Ham or pork with barbecue sauce
1121,Ham or pork with gravy
1122,Ham or pork with mushroom sauce
1123,Ham or pork with stuffing
1124,Ham or pork with tomato-based sauce
1125,Ham pot pie
1126,Ham salad sandwich
1127,Ham salad spread
1128,Ham sandwich
1129,Ham sandwich with lettuce and spread
1130,Ham stroganoff
1131,Hamburger
1132,Hamburger (Burger King)
1133,Hamburger (McDonalds)
1134,Hamburger slider
1135,Hamburger wrap sandwich
1136,Hard candy
1137,Hard cider
1138,Hash
1139,Haupia
1140,Hayacas
1141,Hazelnuts
1142,Head cheese
1143,Heart
1144,Herring
1145,High ball
1146,Hog maws
1147,Hoisin sauce
1148,Hollandaise sauce
1149,Hominy
1150,Honey
1151,Honey butter
1152,Honey mustard dip
1153,Honey mustard dressing
1154,Honey-combed hard candy with peanut butter
1155,Honeydew melon
1156,Horchata beverage
1157,Hors d'oeuvres
1158,Horseradish
1159,Horseradish sauce
1160,Hot and sour soup
1161,Hot chocolate / Cocoa
1162,Hot ham and cheese sandwich
1163,Hot pepper sauce
1164,Hot peppers
1165,Hot Thai sauce
1166,Huevos rancheros
1167,Hummus
1168,Hunan beef
1169,Hush puppy
1170,Ice cream
1171,Ice cream bar
1172,Ice cream cake
1173,Ice cream candy bar
1174,Ice cream cone
1175,Ice cream cookie sandwich
1176,Ice cream sandwich
1177,Ice cream soda
1178,Ice cream sundae
1179,Iced Coffee
1180,Iced Tea / Lemonade juice drink
1181,Icing
1182,Imitation cheese
1183,Industrial oil as ingredient in food
1184,Infant formula
1185,Injera
1186,Instant soup
1187,Irish Coffee
1188,Italian dressing
1189,Italian Ice
1190,Italian sausage
1191,Italian Wedding Soup
1192,Jagerbomb
1193,Jai
1194,Jam
1195,Jambalaya with meat and rice
1196,Jelly
1197,Jelly sandwich
1198,Jicama
1199,Johnnycake
1200,Julienne salad
1201,Kale
1202,Kamikaze
1203,Kefir
1204,Ketchup
1205,Kibby
1206,Kidney
1207,Kidney beans
1208,Kidney beans and brown rice
1209,Kidney beans and rice
1210,Kidney beans and white rice
1211,Kidney beans with meat
1212,Kimchi
1213,Kishke
1214,Kit Kat
1215,Kit Kat White
1216,Kiwi fruit
1217,Knish
1218,Knockwurst
1219,Kohlrabi
1220,Korean dressing or marinade
1221,Kumquat
1222,Kung Pao beef
1223,Kung pao chicken
1224,Kung Pao pork
1225,Kung Pao shrimp
1226,Ladoo
1227,Lamb
1228,Lamb chop
1229,Lamb hocks
1230,Lamb or mutton
1231,Lamb or mutton and noodles with gravy
1232,Lamb or mutton and potatoes with gravy
1233,Lamb or mutton and potatoes with tomato-based sauce
1234,Lamb or mutton goulash
1235,Lamb or mutton loaf
1236,Lamb or mutton stew with potatoes and vegetables excluding carrots
1237,Lamb or mutton stew with potatoes and vegetables including carrots
1238,Lamb or mutton stew with vegetables excluding carrots
1239,Lamb or mutton stew with vegetables including carrots
1240,Lamb or mutton with gravy
1241,Lamb shish kabob with vegetables
1242,Lambsquarter
1243,Lard
1244,Lasagna
1245,Lasagna with cheese and meat sauce
1246,Lasagna with chicken or turkey
1247,Lasagna with meat
1248,Lasagna with meat and spinach
1249,Lau lau
1250,Layer dip
1251,Leek
1252,Leek soup
1253,Lefse (Norwegian)
1254,Lemon
1255,Lemon juice
1256,Lemon pie filling
1257,Lemon-butter sauce
1258,Lemonade
1259,Lentil curry
1260,Lentil curry with rice
1261,Lentil soup
1262,Lentils
1263,Lettuce
1264,Licorice
1265,Licuado or Batido
1266,Light ice cream
1267,Light ice cream bar
1268,Light ice cream cone
1269,Light ice cream sandwich
1270,Lima bean soup
1271,Lima beans
1272,Lima beans and corn
1273,Lime
1274,Lime juice
1275,Lime souffle
1276,Linguini with vegetables and seafood in white wine sauce
1277,Liqueur with cream
1278,Liquid from stewed kidney beans
1279,Liver
1280,Liver dumpling
1281,Liver paste or pate
1282,Livers
1283,Liverwurst
1284,Lo mein
1285,Lobster
1286,Lobster bisque
1287,Lobster gumbo
1288,Lobster newburg
1289,Lobster salad
1290,Lobster with bread stuffing
1291,Lobster with butter sauce
1292,Lobster with sauce
1293,Lomi salmon
1294,Long Island iced tea
1295,Long rice noodles
1296,Lotus root
1297,Luffa
1298,Luncheon meat
1299,Luncheon meat sandwich
1300,Luncheon slice
1301,Lychee
1302,M&M's Almond Chocolate Candies
1303,M&M's Milk Chocolate Candies
1304,M&M's Peanut Butter Chocolate Candies
1305,M&M's Peanut Chocolate Candies
1306,M&M's Pretzel Chocolate Candies
1307,Macadamia nuts
1308,Macaroni
1309,Macaroni and cheese
1310,Macaroni or noodles
1311,Macaroni or noodles with cheese
1312,Macaroni or noodles with cheese and chicken or turkey
1313,Macaroni or noodles with cheese and egg
1314,Macaroni or noodles with cheese and frankfurters or hot dogs
1315,Macaroni or noodles with cheese and meat
1316,Macaroni or noodles with cheese and tomato
1317,Macaroni or noodles with cheese and tuna
1318,Macaroni or pasta salad
1319,Macaroni or pasta salad with cheese
1320,Macaroni or pasta salad with chicken
1321,Macaroni or pasta salad with crab meat
1322,Macaroni or pasta salad with egg
1323,Macaroni or pasta salad with meat
1324,Macaroni or pasta salad with shrimp
1325,Macaroni or pasta salad with tuna
1326,Macaroni or pasta salad with tuna and egg
1327,Macaroni with beef and tomato sauce
1328,Macaroni with tuna
1329,Macaroni with vegetables
1330,Mackerel
1331,Mackerel cake or patty
1332,Mai Tai
1333,Mango
1334,Mango dessert
1335,Mango nectar
1336,Manhattan
1337,Manicotti
1338,Margarine
1339,Margarine-oil blend
1340,Margarita
1341,Margarita mix
1342,Marie biscuit
1343,Marmalade
1344,MARS Almond Bar
1345,Marshmallow
1346,Martini
1347,Masa harina
1348,Matzo ball soup
1349,Mayonnaise
1350,Mayonnaise-type salad dressing
1351,McDouble (McDonalds)
1352,Meat
1353,Meat and corn hominy soup
1354,Meat broth
1355,Meat loaf
1356,Meat loaf dinner
1357,Meat loaf made with beef
1358,Meat loaf made with beef and pork
1359,Meat loaf made with chicken or turkey
1360,Meat loaf made with ham
1361,Meat loaf made with venison/deer
1362,Meat loaf with potatoes
1363,Meat pie
1364,Meat sandwich
1365,Meat spread or potted meat
1366,Meat spread or potted meat sandwich
1367,Meat stick
1368,Meat sticks
1369,Meat substitute
1370,Meat turnover
1371,Meat with barbecue sauce
1372,Meat with gravy
1373,Meat with tomato-based sauce
1374,Meatball
1375,Meatball and spaghetti sauce submarine sandwich
1376,Meatball soup
1377,Meatballs
1378,Melba toast
1379,Menudo soup
1380,Meringues
1381,Mexican casserole made with ground beef
1382,Mexican chocolate
1383,Mexican style chicken broth soup stock
1384,Midnight sandwich
1385,Milk
1386,Milk 'n Cereal bar
1387,Milk chocolate candy
1388,Milk dessert or milk candy
1389,Milk shake
1390,Milk shake with malt
1391,MILKY WAY Bar
1392,MILKY WAY MIDNIGHT Bar
1393,Millet
1394,Mimosa
1395,Minestrone soup
1396,Mint julep
1397,Miso
1398,Miso sauce
1399,Mixed cereal
1400,Mixed cereal with applesauce and bananas
1401,Mixed cereal with bananas
1402,Mixed fruit juice
1403,Mixed fruit juice with lowfat yogurt
1404,Mixed fruit tart filled with custard or cream cheese
1405,Mixed fruit yogurt dessert
1406,Mixed nuts
1407,Mixed salad greens
1408,Mixed seeds
1409,Mixed vegetable juice
1410,Mixed vegetables
1411,Mock chicken legs
1412,Mojito
1413,Molasses
1414,Mole sauce
1415,Moo Goo Gai Pan
1416,Moo Shu pork
1417,Moose
1418,Mortadella
1419,Mousse
1420,Mozzarella cheese
1421,Mozzarella sticks
1422,Muffin
1423,Mullet
1424,Multigrain
1425,Multigrain chips (Sun Chips)
1426,Mung beans
1427,Mushroom
1428,Mushroom soup
1429,Mushroom with chicken soup
1430,Mushrooms
1431,Mussels
1432,Mussels with tomato-based sauce
1433,Mustard
1434,Mustard cabbage
1435,Mustard greens
1436,Naan
1437,Nachos with cheese
1438,Nachos with cheese and sour cream
1439,Nachos with chicken
1440,Nachos with chicken and cheese
1441,Nachos with chili
1442,Nachos with meat
1443,Nachos with meat and cheese
1444,Natto
1445,Nectarine
1446,Non-dairy milk
1447,Nonalcoholic malt beverage
1448,Noodle and potato soup
1449,Noodle pudding
1450,Noodle soup
1451,Noodle soup with vegetables
1452,Noodles
1453,Noodles with vegetables in tomato-based sauce
1454,Nougat
1455,Nut roll
1456,Nutrition bar (Balance Original Bar)
1457,Nutrition bar (Clif Bar)
1458,Nutrition bar (Clif Kids Organic Zbar)
1459,Nutrition bar (PowerBar)
1460,Nutrition bar (Slim Fast Original Meal Bar)
1461,Nutrition bar (Snickers Marathon Protein Bar)
1462,Nutrition bar (South Beach Living High Protein Bar)
1463,Nutrition bar (South Beach Living Meal Bar)
1464,Nutrition bar (Tiger's Milk)
1465,Nutrition bar (Zone Perfect Classic Crunch)
1466,Nutrition bar or meal replacement bar
1467,Nutritional drink or shake
1468,Nutritional powder mix
1469,Nutritional powder mix (Carnation Instant Breakfast)
1470,Nutritional powder mix (EAS Soy Protein Powder)
1471,Nutritional powder mix (EAS Whey Protein Powder)
1472,Nutritional powder mix (Isopure)
1473,Nutritional powder mix (Kellogg's Special K20 Protein Water)
1474,Nutritional powder mix (Muscle Milk)
1475,Nutritional powder mix (Slim Fast)
1476,Nuts
1477,Oat bran
1478,Oat bran cereal
1479,Oatmeal
1480,Oatmeal beverage with milk
1481,Oatmeal beverage with water
1482,Oatmeal cereal
1483,Oatmeal cereal with bananas
1484,Oatmeal cereal with fruit
1485,Oatmeal with applesauce and bananas
1486,Oats
1487,Ocean perch
1488,Octopus
1489,Octopus salad
1490,Oil or table fat
1491,Okra
1492,Old fashioned
1493,Olive oil
1494,Olive tapenade
1495,Olives
1496,Onion dip
1497,Onion flavored rings
1498,Onion soup
1499,Onions
1500,Opossum
1501,Orange
1502,Orange Blossom
1503,Orange chicken
1504,Orange juice
1505,Orange juice beverage
1506,Orange-apple-banana juice
1507,Orange-carrot juice
1508,Ostrich
1509,Other vegetables as ingredient in omelet
1510,Oxtail soup
1511,Oyster fritter
1512,Oyster pie
1513,Oyster sauce
1514,Oyster stew
1515,Oysters
1516,Oysters Rockefeller
1517,Pad Thai
1518,Pad Thai with chicken
1519,Pad Thai with meat
1520,Pad Thai with seafood
1521,Paella
1522,Paella with meat
1523,Paella with seafood
1524,Pakora
1525,Palak Paneer
1526,Palm hearts
1527,Pan Dulce
1528,Pancake syrup
1529,Pancakes
1530,Pancakes and sausage
1531,Pannetone
1532,Papad
1533,Papaya
1534,Papaya juice
1535,Papaya nectar
1536,Parsley
1537,Parsnips
1538,Passion fruit
1539,Passion fruit juice
1540,Passion fruit nectar
1541,Pasta
1542,Pasta with cream sauce
1543,Pasta with cream sauce and added vegetables
1544,Pasta with cream sauce and meat
1545,Pasta with cream sauce and poultry
1546,Pasta with cream sauce and seafood
1547,Pasta with sauce
1548,Pasta with sauce and meat
1549,Pasta with tomato-based sauce
1550,Pasta with tomato-based sauce and beans or lentils
1551,Pasta with tomato-based sauce and cheese
1552,Pasta with tomato-based sauce and meat
1553,Pasta with tomato-based sauce and poultry
1554,Pasta with tomato-based sauce and seafood
1555,Pasta with vegetable and cheese sauce
1556,Pasta with vegetables
1557,Pastrami
1558,Pastrami sandwich
1559,Pastry
1560,Pea and ham soup
1561,Pea salad
1562,Pea salad with cheese
1563,Pea soup
1564,Peach
1565,Peach cobbler
1566,Peach nectar
1567,Peach yogurt dessert
1568,Peaches
1569,Peanut bar
1570,Peanut brittle
1571,Peanut butter
1572,Peanut butter and chocolate spread
1573,Peanut butter and jelly
1574,Peanut butter and jelly sandwich
1575,Peanut butter morsels
1576,Peanut butter sandwich
1577,Peanut oil
1578,Peanut sauce
1579,Peanuts
1580,Pear
1581,Pear juice
1582,Pear nectar
1583,Pears
1584,Pears and pineapple
1585,Peas
1586,Peas and brown rice
1587,Peas and carrots
1588,Peas and corn
1589,Pecans
1590,Pepper
1591,Pepper steak
1592,Pepperoni
1593,Pepperoni and salami submarine sandwich
1594,Pepperpot soup
1595,Peppers
1596,Peppers and onions
1597,Perch
1598,Persimmon
1599,Peruvian beans
1600,Pesto sauce
1601,Pheasant
1602,Pho
1603,Pickled sausage
1604,Pickles
1605,Pie
1606,Pie shell
1607,Pig in a blanket
1608,Pike
1609,Pimiento
1610,Pina Colada
1611,Pine nuts
1612,Pineapple
1613,Pineapple candy
1614,Pineapple dessert
1615,Pineapple juice
1616,Pineapple salad with dressing
1617,Pink beans
1618,Pinto bean soup
1619,Pinto beans
1620,Pinto beans and brown rice
1621,Pinto beans and rice
1622,Pinto beans and white rice
1623,Pinto beans with meat
1624,Pistachio nuts
1625,Pita chips
1626,Pizza
1627,Pizza rolls
1628,Pizza with beans and vegetables
1629,Pizza with cheese and extra vegetables
1630,Pizza with extra meat
1631,Pizza with extra meat and extra vegetables
1632,Pizza with meat and fruit
1633,Pizza with meat and vegetables
1634,Pizza with meat other than pepperoni
1635,Pizza with pepperoni
1636,Plantain
1637,Plantain chips
1638,Plantain soup
1639,Planters Peanut Bar
1640,Plum
1641,Plums
1642,Pocky
1643,Poi
1644,Poke greens
1645,Polish sausage
1646,Pomegranate
1647,Pomegranate juice
1648,Pomegranate juice beverage
1649,Pompano
1650,Popcorn
1651,Popcorn cake
1652,Popcorn chips
1653,Popover
1654,Poppy seed dressing
1655,Popsicle
1656,Porcupine balls with mushroom sauce
1657,Porcupine balls with tomato-based sauce
1658,Porgy
1659,Pork
1660,Pork and beans
1661,Pork and beef sausage
1662,Pork and onions with soy-based sauce
1663,Pork and rice with tomato-based sauce
1664,Pork and vegetables
1665,Pork and vegetables excluding  carrots
1666,Pork and vegetables excluding carrots
1667,Pork and vegetables including carrots
1668,Pork and watercress with soy-based sauce
1669,Pork bacon
1670,Pork barbecue sandwich or Sloppy Joe
1671,Pork chop
1672,Pork chop stewed with vegetables
1673,Pork chow mein or chop suey
1674,Pork chow mein or chop suey with noodles
1675,Pork ears
1676,Pork egg foo yung
1677,Pork hash
1678,Pork jerky
1679,Pork or ham with soy-based sauce
1680,Pork roast
1681,Pork roll
1682,Pork sandwich
1683,Pork sausage
1684,Pork sausage rice links
1685,Pork shish kabob with vegetables
1686,Pork skin
1687,Pork skin rinds
1688,Pork steak or cutlet
1689,Pork stew
1690,Pork vegetable soup with potato
1691,Pork with chili and tomatoes
1692,Pork with vegetable excluding carrots
1693,Potato
1694,Potato and cheese soup
1695,Potato and ham fritters
1696,Potato chicken pie
1697,Potato chips
1698,Potato chowder
1699,Potato from Puerto Rican beef stew
1700,Potato from Puerto Rican chicken fricassee
1701,Potato from Puerto Rican style stuffed pot roast
1702,Potato only from Puerto Rican mixed dishes
1703,Potato pancake
1704,Potato patty
1705,Potato salad
1706,Potato salad with egg
1707,Potato skins
1708,Potato skins without topping
1709,Potato soup
1710,Potato sticks
1711,Potato tots
1712,Potatoes
1713,Potatoes with cheese and broccoli
1714,Pralines
1715,Pretzel
1716,Pretzel chips
1717,Pretzels
1718,Prune
1719,Prune juice
1720,Prunes
1721,Prunes with oatmeal
1722,Pudding
1723,Puerto Rican pasteles
1724,Puerto Rican sandwich
1725,Puerto Rican seasoning with ham
1726,Puerto Rican seasoning with ham and tomato sauce
1727,Puerto Rican seasoning without ham and tomato sauce
1728,Puerto Rican stew
1729,Puerto Rican white cheese
1730,Puffs
1731,Pumpkin
1732,Pumpkin seeds
1733,Pupusa
1734,Quail
1735,Quail egg
1736,Quarter Pounder (McDonalds)
1737,Quarter Pounder with cheese (McDonalds)
1738,Quesadilla
1739,Quesadilla with chicken
1740,Quesadilla with meat
1741,Quesadilla with vegetables
1742,Quesadilla with vegetables and chicken
1743,Quesadilla with vegetables and meat
1744,Queso Anejo
1745,Queso Asadero
1746,Queso cotija
1747,Queso Fresco
1748,Quiche with meat
1749,Quinoa
1750,Rabbit
1751,Rabbit stew with potatoes and vegetables
1752,Raccoon
1753,Radicchio
1754,Radish
1755,Radishes
1756,Raisins
1757,Ranch dip
1758,Raspberries
1759,Ratatouille
1760,Ravioli
1761,Raw vegetable
1762,Ray
1763,Red pepper
1764,Reese's Crispy Crunchy Bar
1765,Reese's Fast Break
1766,Reese's Peanut Butter Cup
1767,Reese's Pieces
1768,Reese's Sticks
1769,Refried beans
1770,Refried beans with meat
1771,Relish
1772,Reuben sandwich
1773,Rhubarb
1774,Rice
1775,Rice and potato soup
1776,Rice cake
1777,Rice cereal
1778,Rice cereal with apples
1779,Rice cereal with applesauce and bananas
1780,Rice cereal with bananas
1781,Rice cereal with mixed fruit
1782,Rice cereal with mixed fruits
1783,Rice croquette
1784,Rice dessert or salad with fruit
1785,Rice dressing
1786,Rice meal fritter
1787,Rice milk
1788,Rice noodles
1789,Rice paper
1790,Rice pilaf
1791,Rice soup
1792,Rice with chicken
1793,Rice with onions
1794,Rice with raisins
1795,Rice with Spanish sausage
1796,Rice with squid
1797,Rice with stewed beans
1798,Rice with vienna sausage
1799,Ripe plantain
1800,Ripe plantain fritters
1801,Ripe plantain meat pie
1802,Ripe plantain omelet
1803,Roast beef sandwich
1804,Roast beef sandwich with bacon and cheese sauce
1805,Roast beef sandwich with cheese
1806,Roast beef submarine sandwich
1807,Rob Roy
1808,Roe
1809,Roll
1810,Roll with meat and/or shrimp
1811,Rolo
1812,Romaine lettuce
1813,Rum
1814,Rum and cola
1815,Rum and diet cola
1816,Rum cake
1817,Rum cooler
1818,Russian dressing
1819,Rusty Nail
1820,Rutabaga
1821,Safflower oil
1822,Salad dressing
1823,Salami
1824,Salami sandwich
1825,Salisbury steak
1826,Salisbury steak dinner
1827,Salisbury steak with gravy
1828,Salmon
1829,Salmon cake or patty
1830,Salmon cake sandwich
1831,Salmon loaf
1832,Salmon salad
1833,Salmon soup
1834,Salsa
1835,Salsa verde or salsa
1836,Salsify
1837,Salt pork
1838,Salty Dog
1839,Sambar
1840,Sandwich
1841,Sandwich spread
1842,Sangria
1843,Sardine sandwich
1844,Sardines
1845,Sardines with mustard sauce
1846,Sardines with tomato-based sauce
1847,Sauce as ingredient in hamburgers
1848,Sauerkraut
1849,Sausage
1850,Sausage and cheese on English muffin
1851,Sausage and french toast
1852,Sausage and noodles with cream or white sauce
1853,Sausage and peppers
1854,Sausage and rice with cheese sauce
1855,Sausage and rice with mushroom sauce
1856,Sausage and rice with tomato-based sauce
1857,Sausage and spaghetti sauce sandwich
1858,Sausage and vegetables
1859,Sausage and vegetables including  carrots
1860,Sausage balls
1861,Sausage gravy
1862,Sausage griddle cake sandwich
1863,Sausage on biscuit
1864,Sausage sandwich
1865,Sausage with tomato-based sauce
1866,Scallops
1867,Scallops and noodles with cheese sauce
1868,Scallops with cheese sauce
1869,Scone
1870,Scotch
1871,Scrambled egg sandwich
1872,Scrambled eggs with jerked beef
1873,Scrapple
1874,Screwdriver
1875,Sea bass
1876,Seabreeze
1877,Seafood dip
1878,Seafood garden salad with seafood
1879,Seafood newburg
1880,Seafood paella
1881,Seafood restructured
1882,Seafood salad
1883,Seafood salad sandwich
1884,Seafood sauce
1885,Seafood souffle
1886,Seafood soup with potatoes
1887,Seafood soup with potatoes and vegetables including carrots
1888,Seafood soup with vegetables excluding carrots
1889,Seafood soup with vegetables including carrots
1890,Seafood stew with potatoes and vegetables excluding carrots
1891,Seafood stew with potatoes and vegetables including carrots
1892,Seasoned shredded soup meat
1893,Seaweed
1894,Seaweed soup
1895,Sesame chicken
1896,Sesame Crunch
1897,Sesame dressing
1898,Sesame oil
1899,Sesame seeds
1900,Seven and Seven
1901,Seven-layer salad
1902,Shark
1903,Shav soup
1904,Shellfish and noodles with tomato-based sauce
1905,Shellfish mixture and vegetables excluding carrots
1906,Shellfish mixture and vegetables including carrots
1907,Shepherd's pie with beef
1908,Shepherd's pie with lamb
1909,Sherbet
1910,Shirley Temple
1911,Shortening
1912,Shrimp
1913,Shrimp and clams in tomato-based sauce
1914,Shrimp and noodles
1915,Shrimp and noodles with cheese sauce
1916,Shrimp and noodles with cream or white sauce
1917,Shrimp and noodles with gravy
1918,Shrimp and noodles with mushroom sauce
1919,Shrimp and noodles with soy-based sauce
1920,Shrimp and noodles with tomato sauce
1921,Shrimp and vegetables excluding carrots
1922,Shrimp and vegetables in sauce with noodles
1923,Shrimp and vegetables including carrots
1924,Shrimp cake or patty
1925,Shrimp chips
1926,Shrimp chow mein or chop suey
1927,Shrimp chow mein or chop suey with noodles
1928,Shrimp cocktail
1929,Shrimp creole
1930,Shrimp egg foo yung
1931,Shrimp garden salad
1932,Shrimp gumbo
1933,Shrimp in garlic sauce
1934,Shrimp salad
1935,Shrimp scampi
1936,Shrimp shish kabob with vegetables
1937,Shrimp soup
1938,Shrimp teriyaki
1939,Shrimp toast
1940,Shrimp with crab stuffing
1941,Shrimp with lobster sauce
1942,Shrimp-egg patty
1943,Simple syrup
1944,Singapore Sling
1945,Sirloin
1946,Sirloin beef
1947,Sirloin tips
1948,Sixlets
1949,Skittles
1950,Sliced chicken sandwich
1951,Sloe gin fizz
1952,Slush frozen drink
1953,Snack bar
1954,Snack cake
1955,Snack mix
1956,Snails
1957,SNICKERS Bar
1958,Snow cone
1959,Snowpea
1960,Snowpeas
1961,Soft drink
1962,Soft fruit confections
1963,Soft serve
1964,Soft taco with beans
1965,Soft taco with beans and sour cream
1966,Soft taco with chicken
1967,Soft taco with chicken and beans
1968,Soft taco with chicken and sour cream
1969,Soft taco with fish
1970,Soft taco with meat
1971,Soft taco with meat and beans
1972,Soft taco with meat and sour cream
1973,Sopa de Fideo Aguada
1974,Sopa de tortilla
1975,Sopa seca
1976,Sopa seca de arroz
1977,Sopa Seca de Fideo
1978,Sopaipilla
1979,Sopaipilla with syrup or honey
1980,Sorbet
1981,Soup
1982,Soupy rice mixture with chicken and potatoes
1983,Soupy rice with chicken
1984,Sour cream
1985,Soursop
1986,Soy based sauce
1987,Soy chips
1988,Soy milk
1989,Soy nut butter
1990,Soy nuts
1991,Soy sauce
1992,Soybean curd
1993,Soybean curd cheese
1994,Soybean oil
1995,Soybean soup
1996,Soybeans
1997,Soyburger
1998,Spaghetti
1999,Spaghetti and meatballs dinner
2000,Spaghetti sauce
2001,Spaghetti sauce with added vegetables
2002,Spaghetti sauce with meat
2003,Spaghetti sauce with meat and added vegetables
2004,Spaghetti sauce with poultry
2005,Spaghetti sauce with poultry and added vegetables
2006,Spaghetti sauce with seafood
2007,Spaghetti sauce with seafood and added vegetables
2008,Spaghetti squash
2009,Spaghetti with corned beef
2010,Spaghetti with meat and mushroom sauce
2011,Spaghetti with meat sauce
2012,Spanakopitta
2013,Spanish rice
2014,Spanish rice with ground beef
2015,Spanish stew
2016,Spanish vegetable soup
2017,Spinach
2018,Spinach and artichoke dip
2019,Spinach and cheese casserole
2020,Spinach dip
2021,Spinach quiche
2022,Spinach salad
2023,Spinach souffle
2024,Spinach soup
2025,Split pea and ham soup
2026,Split pea soup
2027,Split peas
2028,Spoonbread
2029,Sports drink
2030,Sports drink (Gatorade G)
2031,Sports drink (Powerade)
2032,Sprouts
2033,Squash
2034,Squash and corn
2035,Squash fritter or cake
2036,Squid
2037,Squirrel
2038,Starfruit
2039,Steak
2040,Steak and cheese sandwich
2041,Steak and cheese submarine sandwich
2042,Steak sandwich
2043,Steak sauce
2044,Steak submarine sandwich with lettuce and tomato
2045,Steak tartare
2046,Steak teriyaki
2047,Stew
2048,Stewed
2049,Stewed chicken with tomato-based sauce
2050,Stewed chitterlings
2051,Stewed codfish
2052,Stewed corned beef
2053,Stewed dried beef
2054,Stewed gizzards
2055,Stewed goat
2056,Stewed pig's feet
2057,Stewed pork
2058,Stewed potatoes
2059,Stewed potatoes with tomatoes
2060,Stewed rabbit
2061,Stewed rice
2062,Stewed salmon
2063,Stewed seasoned ground beef
2064,Stewed tripe
2065,Stewed variety meats
2066,Stinger
2067,Stir fried beef and vegetables in soy sauce
2068,Strawberries
2069,Strawberry beverage powder
2070,Strawberry drink syrup
2071,Strawberry juice
2072,Strawberry milk
2073,Strudel
2074,Stuffed cabbage
2075,Stuffed cabbage rolls with beef and rice
2076,Stuffed chicken
2077,Stuffed christophine
2078,Stuffed grape leaves with beef and rice
2079,Stuffed grape leaves with lamb and rice
2080,Stuffed green pepper
2081,Stuffed jalapeno pepper
2082,Stuffed pepper
2083,Stuffed pork roast
2084,Stuffed pot roast
2085,Stuffed shells
2086,Stuffed tannier fritters
2087,Stuffed tomato
2088,Sturgeon
2089,Sugar
2090,Sugar cane beverage
2091,Sugar substitute
2092,Sugar substitute and sugar blend
2093,Sugar-coated chocolate discs
2094,Sugared pecans
2095,Summer squash
2096,Sun-dried tomatoes
2097,Sunflower oil
2098,Sunflower seeds
2099,Sushi
2100,Sushi roll
2101,Sushi roll tuna
2102,Swedish meatballs with cream or white sauce
2103,Sweet and sour chicken or turkey
2104,Sweet and sour pork
2105,Sweet and sour pork with rice
2106,Sweet and sour sauce
2107,Sweet and sour shrimp
2108,Sweet and sour soup
2109,Sweet bread dough
2110,Sweet potato
2111,Sweet potato and pumpkin casserole
2112,Sweet potato chips
2113,Sweet potato fries
2114,Sweet potato paste
2115,Sweet potato tots
2116,Sweet potatoes
2117,Sweet potatoes and chicken
2118,Sweetbreads
2119,Swiss steak
2120,Swordfish
2121,Syrup
2122,Szechuan beef
2123,Tabbouleh
2124,Table fat
2125,Taco or tostada salad
2126,Taco or tostada salad with chicken
2127,Taco or tostada salad with chicken and sour cream
2128,Taco or tostada salad with meat
2129,Taco or tostada salad with meat and sour cream
2130,Taco or tostada with beans
2131,Taco or tostada with beans and sour cream
2132,Taco or tostada with chicken
2133,Taco or tostada with chicken and beans
2134,Taco or tostada with chicken and sour cream
2135,Taco or tostada with fish
2136,Taco or tostada with meat
2137,Taco or tostada with meat and beans
2138,Taco or tostada with meat and sour cream
2139,Taco sauce
2140,Taco shell
2141,Taco with crab meat
2142,Taffy
2143,Tahini
2144,Tamal in a leaf
2145,Tamale
2146,Tamale casserole
2147,Tamale casserole with meat
2148,Tamale with chicken
2149,Tamale with meat
2150,Tamarind
2151,Tamarind candy
2152,Tamarind drink
2153,Tangerine
2154,Tangerine juice
2155,Tannier
2156,Taquito or flauta with cheese
2157,Taquito or flauta with chicken
2158,Taquito or flauta with chicken and cheese
2159,Taquito or flauta with egg
2160,Taquito or flauta with egg and breakfast meat
2161,Taquito or flauta with meat
2162,Taquito or flauta with meat and cheese
2163,Taro
2164,Taro chips
2165,Taro leaves
2166,Tartar sauce
2167,Tea
2168,Tequila
2169,Tequila Sunrise
2170,Teriyaki chicken with rice and vegetable
2171,Teriyaki sauce
2172,Textured vegetable protein
2173,Thistle leaves
2174,Thousand Island dressing
2175,Thuringer
2176,Tilapia
2177,Tiramisu
2178,Toblerone
2179,Toffee
2180,Tofu and vegetables excluding carrots
2181,Tofu and vegetables including carrots
2182,Tom Collins
2183,Tomato
2184,Tomato and cucumber salad made with tomato
2185,Tomato and vegetable juice
2186,Tomato aspic
2187,Tomato beef noodle soup
2188,Tomato beef rice soup
2189,Tomato beef soup
2190,Tomato chili sauce
2191,Tomato juice
2192,Tomato juice cocktail
2193,Tomato noodle soup
2194,Tomato rice soup
2195,Tomato sandwich
2196,Tomato sauce
2197,Tomato soup
2198,Tomato vegetable soup
2199,Tomato vegetable soup with noodles
2200,Tomatoes
2201,Tomatoes as ingredient in omelet
2202,Tongue
2203,Tongue pot roast
2204,Topping
2205,Topping from cheese pizza
2206,Topping from meat and vegetable pizza
2207,Topping from meat pizza
2208,Topping from vegetable pizza
2209,Tortellini
2210,Tortilla
2211,Tortilla chips
2212,Trail mix
2213,Trail mix with chocolate
2214,Trail mix with nuts
2215,Trail mix with nuts and fruit
2216,Trail mix with pretzels
2217,Trifle
2218,Tripe
2219,Tropical fruit medley
2220,Trout
2221,Truffles
2222,Tuna
2223,Tuna and rice with mushroom sauce
2224,Tuna cake or patty
2225,Tuna casserole with vegetables and mushroom sauce
2226,Tuna loaf
2227,Tuna noodle casserole with cream or white sauce
2228,Tuna noodle casserole with mushroom sauce
2229,Tuna noodle casserole with vegetables
2230,Tuna noodle casserole with vegetables and mushroom sauce
2231,Tuna pot pie
2232,Tuna salad
2233,Tuna salad sandwich
2234,Tuna salad with cheese
2235,Tuna salad with egg
2236,Tuna salad wrap sandwich
2237,Tuna with cream or white sauce
2238,Turkey
2239,Turkey and bacon submarine sandwich
2240,Turkey bacon
2241,Turkey dinner
2242,Turkey ham
2243,Turkey light or dark meat
2244,Turkey or chicken
2245,Turkey or chicken and beef sausage
2246,Turkey or chicken and pork sausage
2247,Turkey or chicken burger
2248,Turkey or chicken sausage
2249,Turkey salad or turkey spread sandwich
2250,Turkey sandwich
2251,Turkey stick
2252,Turkey submarine sandwich
2253,Turkey with barbecue sauce
2254,Turkey with gravy
2255,Turkey with vegetable
2256,Turnip
2257,Turnip greens
2258,Turnover
2259,Turnover filled with ground beef and cabbage
2260,Turnover filled with meat and vegetable
2261,Turnover or dumpling
2262,Turrnip greens
2263,Turtle
2264,Turtle and vegetable soup
2265,Tutti-fruitti pudding
2266,TWIX Caramel Cookie Bars
2267,TWIX Chocolate Fudge Cookie Bars
2268,TWIX Peanut Butter Cookie Bars
2269,Tzatziki dip
2270,Upma
2271,Vada
2272,Vanilla wafer dessert base
2273,Veal
2274,Veal and noodles with cream or white sauce
2275,Veal chop
2276,Veal cordon bleu
2277,Veal cutlet or steak
2278,Veal fricassee
2279,Veal goulash with vegetables excluding carrots
2280,Veal goulash with vegetables including carrots
2281,Veal Marsala
2282,Veal parmigiana
2283,Veal patty
2284,Veal scallopini
2285,Veal stew with potatoes and vegetables excluding carrots
2286,Veal stew with potatoes and vegetables including carrots
2287,Veal with butter sauce
2288,Veal with cream sauce
2289,Veal with gravy
2290,Veal with vegetables excluding carrots
2291,Veal with vegetables including carrots
2292,Vegan mayonnaise
2293,Vegetable and beef
2294,Vegetable and chicken
2295,Vegetable and fruit juice
2296,Vegetable and fruit juice drink
2297,Vegetable and turkey
2298,Vegetable beef noodle soup
2299,Vegetable beef soup
2300,Vegetable beef soup with noodles or pasta
2301,Vegetable beef soup with rice
2302,Vegetable broth
2303,Vegetable chicken rice soup
2304,Vegetable chips
2305,Vegetable curry
2306,Vegetable curry with rice
2307,Vegetable dip
2308,Vegetable lasagna
2309,Vegetable mixture
2310,Vegetable noodle soup
2311,Vegetable oil
2312,Vegetable rice soup
2313,Vegetable smoothie
2314,Vegetable soup
2315,Vegetable soup with chicken broth
2316,Vegetable stew without meat
2317,Vegetable submarine sandwich
2318,Vegetable tempura
2319,Vegetables
2320,Vegetables and cheese in pastry
2321,Vegetables and rice
2322,Vegetables as ingredient in curry
2323,Vegetables in pastry
2324,Vegetarian
2325,Vegetarian burger or patty
2326,Vegetarian chili
2327,Vegetarian pot pie
2328,Vegetarian stew
2329,Vegetarian stroganoff
2330,Vegetarian vegetable soup
2331,Venison or deer
2332,Venison or deer and noodles with cream or white sauce
2333,Venison or deer stew with potatoes and vegetables excluding carrots
2334,Venison or deer stew with potatoes and vegetables including carrots
2335,Venison or deer with gravy
2336,Venison or deer with tomato-based sauce
2337,Venison/deer
2338,Venison/deer jerky
2339,Venison/deer ribs
2340,Venison/deer steak
2341,Vermicelli
2342,Vienna sausage
2343,Vienna sausages stewed with potatoes
2344,Vinegar
2345,Vodka
2346,Vodka and cola
2347,Vodka and diet cola
2348,Vodka and energy drink
2349,Vodka and lemonade
2350,Vodka and soda
2351,Vodka and tonic
2352,Vodka and water
2353,Vodka sauce with tomatoes and cream
2354,Waffle
2355,Walnut oil
2356,Walnuts
2357,Wasabi paste
2358,Wasabi peas
2359,Water
2360,Water Chesnut
2361,Watercress
2362,Watercress broth with shrimp
2363,Watermelon
2364,Watermelon juice
2365,Wax candy
2366,Welsh rarebit
2367,Whatchamacallit
2368,Wheat
2369,Wheat bran
2370,Wheat bread as ingredient in sandwiches
2371,Wheat bun as ingredient in sandwiches
2372,Wheat cereal
2373,Wheat flour fritter
2374,Wheat germ
2375,Wheat germ oil
2376,Whey
2377,Whipped topping
2378,Whiskey
2379,Whiskey and cola
2380,Whiskey and diet cola
2381,Whiskey and ginger ale
2382,Whiskey and soda
2383,Whiskey and water
2384,Whiskey sour
2385,White beans
2386,White pizza
2387,White Russian
2388,White sauce or gravy
2389,Whiting
2390,Whole wheat cereal
2391,Whole wheat cereal with apples
2392,Whopper (Burger King)
2393,Whopper Jr (Burger King)
2394,Whopper Jr with cheese (Burger King)
2395,Whopper with cheese (Burger King)
2396,Wild pig
2397,Wine
2398,Wine cooler
2399,Wine spritzer
2400,Winter melon
2401,Winter squash
2402,Wonton
2403,Wonton soup
2404,Worcestershire sauce
2405,Wrap sandwich
2406,Yam
2407,Yam buns; Puerto Rican style
2408,Yat Ga Mein with meat
2409,Yeast
2410,Yeast extract spread
2411,Yellow rice
2412,Yellow string beans
2413,Yogurt
2414,Yogurt and fruit snack
2415,Yogurt covered fruit snacks candy
2416,Yogurt covered fruit snacks candy rolls
2417,Yogurt dressing
2418,Yogurt parfait
2419,Yokan
2420,Yuca fries
2421,Zombie
2422,Zucchini
2423,Zucchini lasagna
2424,Zucchini soup
2425,Zwieback toast